{
  "collection": [
    {
      "text": [
        {
          "text": "Business Analysis",
          "color": "omegaDarker",
          "variant": "h4"
        },
        {
          "text": "At vero eos et accusamus et nostrud  iusto odio dignissimos ducimus qui blanditiis praesentium.",
          "color": "omegaDark",
          "space": 5
        },
        {
          "text": "Consulting & Marketing",
          "color": "omegaDarker",
          "variant": "h4"
        },
        {
          "text": "Voluptatem sequi nesciunt. Neque porro quisquam est, qui dolorem ipsum quia dolor sit amet, consectetur.",
          "color": "omegaDark",
          "space": 5
        },
        {
          "text": "Strategic Planning",
          "color": "omegaDarker",
          "variant": "h4"
        },
        {
          "text": "At vero eos et accusamus et quisquam iusto odio dignissimos ducimus qui blanditiis praesentium.",
          "color": "omegaDark",
          "space": 5
        },
        {
          "text": "Design & Development",
          "color": "omegaDarker",
          "variant": "h4"
        },
        {
          "text": "quis nostrud exercitation ullamco laboris nisi ut aliquip ex ea commodo consequat aliquip et.",
          "color": "omegaDark"
        }
      ]
    },
    {
      "text": [
        {
          "text": "Lorem ipsum dolor sit amet, consectetur adipiscing elit, sed do eiusmod tempor incididunt ut labore et dolore magna aliqua. Ut enim ad minim veniam, quis nostrud exercitation ullamco laboris nisi ut aliquip ex ea commodo consequat.",
          "space": 5
        },
        {
          "text": "Sed ut perspiciatis unde omnis iste natus error sit voluptatem accusantium doloremque laudantium, totam rem aperiam, eaque ipsa quae ab illo inventore veritatis et quasi architecto beatae vitae dicta sunt explicabo. Nemo enim ipsam voluptatem quia voluptas sit aspernatur aut odit aut fugit, sed quia consequuntur magni dolores eos qui ratione voluptatem sequi nesciunt. Neque porro quisquam est, qui dolorem ipsum quia dolor sit amet, consectetur.",
          "space": 5
        },
        {
          "text": "At vero eos et accusamus et iusto odio dignissimos ducimus qui blanditiis praesentium voluptatum deleniti atque corrupti quos dolores et quas molestias excepturi sint occaecati cupiditate non provident. Nam libero tempore, cum soluta nobis est eligendi optio cumque nihil impedit quo minus id quod maxime placeat facere possimus, omnis voluptas assumenda est, omnis dolor repellendus."
        }
      ]
    }
  ]
}
