{
  "text": [
    {
      "text": "Communication Skills",
      "color": "omegaDark",
      "variant": "h4"
    },
    {
      "text": "**Unlimited Lessons** From All Languages Around The World",
      "variant": "h2"
    },
    {
      "text": "Lorem ipsum dolor sit amet, consectetur adipiscing elit, sed do eiusmod tempor incididunt ut labore et dolore magna aliqua. Ut enim ad minim veniam, quis nostrud exercitation ullamco.",
      "variant": "medium"
    }
  ],
  "images": [
    {
      "src": "../../../assets/flexiblocks/homepage/app/feature-two.png",
      "alt": "alt text"
    }
  ],
  "collection": [
    {
      "icon": {
        "src": "../../../assets/flexiblocks/icons/bx-check-circle.svg",
        "color": "beta"
      },
      "text": [
        {
          "text": "Automatic interest detection",
          "variant": "h5"
        }
      ]
    },
    {
      "icon": {
        "src": "../../../assets/flexiblocks/icons/bx-check-circle.svg",
        "color": "beta"
      },
      "text": [
        {
          "text": "Daily email reports",
          "variant": "h5"
        }
      ]
    },
    {
      "icon": {
        "src": "../../../assets/flexiblocks/icons/bx-check-circle.svg",
        "color": "beta"
      },
      "text": [
        {
          "text": "Online tests at the end of the course",
          "variant": "h5"
        }
      ]
    }
  ]
}
