{
  "text": [
    {
      "text": "Learning Solution",
      "color": "omegaDark",
      "variant": "h4"
    },
    {
      "text": "**Start Learning** Foreign Languages Today",
      "variant": "h2"
    },
    {
      "text": "Lorem ipsum dolor sit amet, consectetur adipiscing elit, sed do eiusmod tempor incididunt ut labore et dolore magna aliqua. Ut enim ad minim veniam, quis nostrud exercitation ullamco.",
      "variant": "medium"
    }
  ],
  "images": [
    {
      "src": "../../../assets/flexiblocks/homepage/app/feature-one.png",
      "alt": "alt text"
    }
  ],
  "collection": [
    {
      "text": [
        {
          "text": "5.0/5.0",
          "color": "#2DC88A",
          "variant": "h2",
          "space": 1
        },
        {
          "text": "Reviews Satisfied Users",
          "variant": "h6"
        }
      ]
    },
    {
      "text": [
        {
          "text": "300K+",
          "color": "alpha",
          "variant": "h2",
          "space": 1
        },
        {
          "text": "Monthly Downloads",
          "variant": "h6"
        }
      ]
    },
    {
      "text": [
        {
          "text": "99.99%",
          "color": "beta",
          "variant": "h2",
          "space": 1
        },
        {
          "text": "Satisfaction Rating",
          "variant": "h6"
        }
      ]
    }
  ]
}
