{
  "text": [
    {
      "text": "Get access to unlimited resources",
      "color": "alpha",
      "variant": "h4"
    },
    {
      "text": "Why Choose Us Over Competition?",
      "variant": "h2"
    }
  ],
  "collection": [
    {
      "text": [
        {
          "text": "Advanced Analytics",
          "color": "omegaDarker",
          "variant": "h5"
        },
        {
          "text": "At vero eos et accusamus et. Tempor incididunt ut labore et dolore magna aliqua consectetur magna aliqua."
        }
      ],
      "icon": {
        "src": "../../../assets/flexiblocks/icons/bx-analyse.svg",
        "bg": "#D3E7FE",
        "color": "#276BF0"
      }
    },
    {
      "text": [
        {
          "text": "Expert Support",
          "color": "omegaDarker",
          "variant": "h5"
        },
        {
          "text": "Et harum quidem rerum facilis. Tempor incididunt ut labore et dolore magna aliqua consectetur magna aliqua."
        }
      ],
      "icon": {
        "src": "../../../assets/flexiblocks/icons/bx-chat.svg",
        "bg": "#FEFAD6",
        "color": "#F4D133"
      }
    },
    {
      "text": [
        {
          "text": "Lifetime Access",
          "color": "omegaDarker",
          "variant": "h5"
        },
        {
          "text": "Itaque earum rerum hic tenetur. Tempor incididunt ut labore et dolore magna aliqua consectetur magna aliqua."
        }
      ],
      "icon": {
        "src": "../../../assets/flexiblocks/icons/bx-dna.svg",
        "bg": "#FEE8D1",
        "color": "#F7491D"
      }
    },
    {
      "text": [
        {
          "text": "Creative Solutions",
          "color": "omegaDarker",
          "variant": "h5"
        },
        {
          "text": "Similique sunt in culpa officia. Tempor incididunt ut labore et dolore magna aliqua consectetur magna aliqua."
        }
      ],
      "icon": {
        "src": "../../../assets/flexiblocks/icons/bx-directions.svg",
        "bg": "#EBFDDA",
        "color": "#64DB43"
      }
    }
  ]
}
