{
  "text": [
    {
      "text": "Get access to unlimited resources",
      "color": "omegaDark",
      "variant": "h4"
    },
    {
      "text": "Why Choose Us Over Competition?",
      "variant": "h2"
    }
  ],
  "collection": [
    {
      "text": [
        {
          "text": "Advanced Analytics",
          "variant": "h5"
        },
        {
          "text": "At vero eos et accusamus et"
        }
      ],
      "icon": {
        "src": "../../../assets/flexiblocks/icons/bx-analyse.svg",
        "bg": "transparent",
        "color": "omega"
      }
    },
    {
      "text": [
        {
          "text": "Expert Support",
          "variant": "h5"
        },
        {
          "text": "Et harum quidem rerum facilis"
        }
      ],
      "icon": {
        "src": "../../../assets/flexiblocks/icons/bx-chat.svg",
        "bg": "transparent",
        "color": "omega"
      }
    },
    {
      "text": [
        {
          "text": "Lifetime Access",
          "variant": "h5"
        },
        {
          "text": "Itaque earum rerum hic tenetur"
        }
      ],
      "icon": {
        "src": "../../../assets/flexiblocks/icons/bx-dna.svg",
        "bg": "transparent",
        "color": "omega"
      }
    },
    {
      "text": [
        {
          "text": "Creative Solutions",
          "variant": "h5"
        },
        {
          "text": "Similique sunt in culpa officia"
        }
      ],
      "icon": {
        "src": "../../../assets/flexiblocks/icons/bx-directions.svg",
        "bg": "transparent",
        "color": "omega"
      }
    },
    {
      "text": [
        {
          "text": "#1 Rated Agency",
          "variant": "h5"
        },
        {
          "text": "Sed ut perspiciatis unde omnis"
        }
      ],
      "icon": {
        "src": "../../../assets/flexiblocks/icons/bx-crown.svg",
        "bg": "transparent",
        "color": "omega"
      }
    },
    {
      "text": [
        {
          "text": "Unlimited Resources",
          "variant": "h5"
        },
        {
          "text": "Nemo enim ipsam voluptatem"
        }
      ],
      "icon": {
        "src": "../../../assets/flexiblocks/icons/bx-data.svg",
        "bg": "transparent",
        "color": "omega"
      }
    }
  ]
}
