{
  "collection": [
    {
      "text": [
        {
          "text": "Join our happy community of clients",
          "color": "omegaDarker",
          "variant": "h2",
          "space": 3
        }
      ]
    },
    {
      "text": [
        {
          "text": "Mel tota quidam senserit et ut tritani platonem est. In a professional context it often happens that private or corporate clients corder a publication to be made and presented with the actual content still not being ready.",
          "color": "omegaDark"
        }
      ]
    }
  ]
}
