{
  "text": [
    {
      "text": "GROW YOUR BUSINESS",
      "color": "omegaDark",
      "variant": "h4"
    },
    {
      "text": "Best Marketing Service for **Technological Era**",
      "variant": "h2"
    },
    {
      "text": "Target your audience based on their interests. Lorem ipsum dolor sit amet, consectetur magna.",
      "variant": "medium"
    }
  ],
  "images": [
    {
      "src": "../../../assets/flexiblocks/homepage/consulting/feature-one.jpg",
      "radius": "lg",
      "alt": "alt text"
    },
    {
      "src": "../../../assets/flexiblocks/homepage/consulting/feature-one-overlay.png",
      "alt": "alt text",
      "radius": "lg",
      "shadow": "default",
      "effects": ["fadeInLeft", "float"],
      "position": {
        "bottom": "15%",
        "right": "-5%"
      }
    }
  ],
  "collection": [
    {
      "icon": {
        "src": "../../../assets/flexiblocks/icons/bx-analyse.svg",
        "color": "beta",
        "bg": "betaLighter"
      },
      "text": [
        {
          "text": "Automatic interest detection",
          "color": "omegaDark",
          "variant": "h5"
        },
        {
          "text": "Tempor incididunt ut labore et dolore magna aliqua consectetur magna."
        }
      ]
    },
    {
      "icon": {
        "src": "../../../assets/flexiblocks/icons/bx-directions.svg",
        "color": "alpha",
        "bg": "alphaLighter"
      },
      "text": [
        {
          "text": "Daily email reports",
          "color": "omegaDark",
          "variant": "h5"
        },
        {
          "text": "Tempor incididunt ut labore et dolore magna aliqua consectetur magna."
        }
      ]
    }
  ]
}
